CREATE TABLE A
  (PKA CHAR(2),
   FKD CHAR(2),
   PRIMARY KEY (PKA));

CREATE TABLE B
  (PKB CHAR(2),
   FKC CHAR(2),
   FKE CHAR(2),
   FKH CHAR(2),
   PRIMARY KEY (PKB));

CREATE TABLE C
  (PKC CHAR(2),
   FKA CHAR(2),
   FKF CHAR(2),
   PRIMARY KEY (PKC));

CREATE TABLE D
  (PKD CHAR(2),
   FKD CHAR(2),
   PRIMARY KEY (PKD));

CREATE TABLE E
  (PKE CHAR(2),
   FKA CHAR(2),
   FKG CHAR(2),
   PRIMARY KEY (PKE));

CREATE TABLE F
  (PKF CHAR(2),
   FKD CHAR(2),
   PRIMARY KEY (PKF));

CREATE TABLE G
  (PKG CHAR(2),
   FKA CHAR(2),
   PRIMARY KEY (PKG));

CREATE TABLE H
  (PKH CHAR(2),
   PRIMARY KEY (PKH));

ALTER TABLE A ADD CONSTRAINT AD FOREIGN KEY (FKD) REFERENCES D (PKD);

ALTER TABLE B ADD CONSTRAINT BC FOREIGN KEY (FKC) REFERENCES C (PKC);
ALTER TABLE B ADD CONSTRAINT BE FOREIGN KEY (FKE) REFERENCES E (PKE);
ALTER TABLE B ADD CONSTRAINT BH FOREIGN KEY (FKH) REFERENCES H (PKH);

ALTER TABLE C ADD CONSTRAINT CA FOREIGN KEY (FKA) REFERENCES A (PKA);
ALTER TABLE C ADD CONSTRAINT CF FOREIGN KEY (FKF) REFERENCES F (PKF);

ALTER TABLE D ADD CONSTRAINT DD FOREIGN KEY (FKD) REFERENCES D (PKD);

ALTER TABLE E ADD CONSTRAINT EA FOREIGN KEY (FKA) REFERENCES A (PKA);
ALTER TABLE E ADD CONSTRAINT EG FOREIGN KEY (FKG) REFERENCES G (PKG);

ALTER TABLE F ADD CONSTRAINT FD FOREIGN KEY (FKD) REFERENCES D (PKD);

ALTER TABLE G ADD CONSTRAINT GA FOREIGN KEY (FKA) REFERENCES A (PKA);

INSERT INTO D VALUES ('D1', 'D1');
INSERT INTO D VALUES ('D2', 'D1');

INSERT INTO A VALUES ('A1','D1');
INSERT INTO A VALUES ('A2','D2');

INSERT INTO F VALUES ('F1','D1');
INSERT INTO F VALUES ('F2','D2');

INSERT INTO C VALUES ('C1','A1','F1');
INSERT INTO C VALUES ('C2','A1','F2');
INSERT INTO C VALUES ('C3','A2','F1');
INSERT INTO C VALUES ('C4','A2','F2');

INSERT INTO G VALUES ('G1','A1');
INSERT INTO G VALUES ('G2','A2');

INSERT INTO E VALUES ('E1','A1','G1');
INSERT INTO E VALUES ('E2','A1','G2');
INSERT INTO E VALUES ('E3','A2','G1');
INSERT INTO E VALUES ('E4','A2','G2');

INSERT INTO H VALUES ('H1');
INSERT INTO H VALUES ('H2');

INSERT INTO B VALUES ('B1','C1','E1','H1');
INSERT INTO B VALUES ('B2','C1','E1','H2');
INSERT INTO B VALUES ('B3','C1','E2','H1');
INSERT INTO B VALUES ('B4','C1','E2','H2');
INSERT INTO B VALUES ('B5','C2','E1','H1');
INSERT INTO B VALUES ('B6','C2','E1','H2');
INSERT INTO B VALUES ('B7','C2','E2','H1');
INSERT INTO B VALUES ('B8','C2','E2','H2');

/*
  Tabelas para testar o filtro de datasets.
  Dependencias diretas:
  
  B1 => C1, E1, H1
  C1 => A1, F1
  E1 => A1, G1
  H1 => none
  A1 => D1
  D1 => D1
  G1 => A1
  F1 => D1
  
*/


